period,total,expected,difficult,superhuman,unassessed,difficult_plus_share,backfill,date_uncertain,collection_unknown,assigned:Expected,candidate:Expected,assigned:Difficult,candidate:Difficult,assigned:Superhuman,candidate:Superhuman,candidate:unresolved
2023-11,1,0,1,0,0,1,1,0,0,0,0,0,1,0,0,0
2023-12,0,0,0,0,0,0,0,0,0,0,0,0,0,0,0,0
2024-01,0,0,0,0,0,0,0,0,0,0,0,0,0,0,0,0
2024-02,0,0,0,0,0,0,0,0,0,0,0,0,0,0,0,0
2024-03,0,0,0,0,0,0,0,0,0,0,0,0,0,0,0,0
2024-04,0,0,0,0,0,0,0,0,0,0,0,0,0,0,0,0
2024-05,0,0,0,0,0,0,0,0,0,0,0,0,0,0,0,0
2024-06,0,0,0,0,0,0,0,0,0,0,0,0,0,0,0,0
2024-07,0,0,0,0,0,0,0,0,0,0,0,0,0,0,0,0
2024-08,0,0,0,0,0,0,0,0,0,0,0,0,0,0,0,0
2024-09,0,0,0,0,0,0,0,0,0,0,0,0,0,0,0,0
2024-10,0,0,0,0,0,0,0,0,0,0,0,0,0,0,0,0
2024-11,0,0,0,0,0,0,0,0,0,0,0,0,0,0,0,0
2024-12,0,0,0,0,0,0,0,0,0,0,0,0,0,0,0,0
2025-01,0,0,0,0,0,0,0,0,0,0,0,0,0,0,0,0
2025-02,1,1,0,0,0,0,0,0,1,0,1,0,0,0,0,0
2025-03,0,0,0,0,0,0,0,0,0,0,0,0,0,0,0,0
2025-04,1,0,1,0,0,1,0,0,1,0,0,1,0,0,0,0
2025-05,1,0,1,0,0,1,0,0,1,0,0,1,0,0,0,0
2025-06,0,0,0,0,0,0,0,0,0,0,0,0,0,0,0,0
2025-07,0,0,0,0,0,0,0,0,0,0,0,0,0,0,0,0
2025-08,2,0,2,0,0,1,0,0,2,0,0,2,0,0,0,0
2025-09,6,3,2,0,1,0.3333333333333333,0,0,6,0,3,2,0,0,0,1
2025-10,3,0,1,2,0,1,1,0,2,0,0,0,1,2,0,0
2025-11,6,1,2,2,1,0.6666666666666666,0,0,6,0,1,2,0,2,0,1
2025-12,3,2,0,0,1,0,1,0,2,0,2,0,0,0,0,1
2026-01,1,1,0,0,0,0,0,1,0,0,1,0,0,0,0,0
2026-02,4,2,2,0,0,0.5,0,0,4,0,2,2,0,0,0,0
2026-03,6,2,1,2,1,0.5,0,0,6,0,2,1,0,2,0,1
2026-04,13,6,1,6,0,0.5384615384615384,2,2,9,1,5,0,1,6,0,0
2026-05,28,3,10,15,0,0.8928571428571429,2,0,26,1,2,8,2,15,0,0
2026-06,5,1,4,0,0,0.8,1,3,1,0,1,4,0,0,0,0
2026-07,82,18,36,28,0,0.7804878048780488,9,5,68,1,17,32,4,26,2,0
2026-08,803,432,259,48,64,0.3823163138231631,29,208,386,26,406,141,118,40,8,64
2026-09,2510,1258,1203,24,25,0.4888446215139442,99,109,0,32,1226,64,1139,14,10,25
2026-10,500,211,214,0,75,0.428,0,0,0,0,211,0,214,0,0,75
